timestamp_utc,symbol,signal,confirmations,price,stop_price,take_profit_price,executed,notes
2026-09-04T08:05:38.953961+00:00,BTC/USDT,BUY,7,80517.8203125,75825.8490801148,87555.7771610778,True,
2026-09-04T08:05:39.255417+00:00,ETH/USDT,BUY,7,2503.110107421875,2318.560897363983,2779.9339225087133,True,
2026-09-04T08:05:39.625935+00:00,SOL/USDT,HOLD,6,103.23999786376953,,,False,
2026-09-04T08:05:39.969890+00:00,BNB/USDT,BUY,7,713.8599853515625,676.1550726119249,770.417354461019,True,
2026-09-04T08:05:40.233520+00:00,XRP/USDT,HOLD,6,1.4387999773025513,,,False,
2026-09-04T08:05:40.527194+00:00,ADA/USDT,BUY,7,0.21985000371932983,0.1951737502922752,0.2568643838599118,False,
2026-09-04T08:05:41.020417+00:00,AVAX/USDT,HOLD,6,7.468999862670898,,,False,
2026-09-04T08:05:41.250100+00:00,DOGE/USDT,HOLD,6,0.08675999939441681,,,False,
2026-09-04T08:05:41.474267+00:00,DOT/USDT,HOLD,7,0.8719000220298767,,,False,
2026-09-04T08:05:41.701070+00:00,LINK/USDT,BUY,7,11.883999824523926,10.871372420817675,13.402940930083304,False,
2026-09-04T08:05:41.958683+00:00,LTC/USDT,BUY,7,51.095001220703125,47.66149554188369,56.24525973893228,False,
2026-09-04T08:05:42.186524+00:00,TRX/USDT,SELL,8,0.3278633654117584,0.3377024706978187,0.31310470748266794,False,
2026-09-04T08:05:42.416323+00:00,ATOM/USDT,HOLD,6,1.517199993133545,,,False,
2026-09-04T08:05:42.558778+00:00,UNI/USDT,HOLD,5,0.0001630000042496249,,,False,
2026-09-04T08:05:42.758623+00:00,MATIC/USDT,HOLD,6,0.21641500294208527,,,False,
2026-09-04T08:05:42.987632+00:00,NEAR/USDT,BUY,7,1.9529999494552612,1.718708515381462,2.30443710056596,False,
2026-09-04T08:05:43.285648+00:00,FIL/USDT,HOLD,6,0.769599974155426,,,False,
2026-09-04T08:05:43.595190+00:00,ICP/USDT,BUY,9,2.5322000980377197,2.2915729878480424,2.893140763322236,False,
2026-09-04T08:05:43.844950+00:00,ETC/USDT,HOLD,6,7.570000171661377,,,False,
2026-09-04T08:05:44.091016+00:00,XLM/USDT,HOLD,6,0.18304499983787537,,,False,
2026-09-04T08:05:44.326935+00:00,ALGO/USDT,BUY,7,0.09216000139713287,0.08332162776980623,0.10541756183812284,False,
2026-09-04T08:05:44.589488+00:00,VET/USDT,BUY,7,0.006736000068485737,0.005968730461490864,0.007886904478978045,False,
2026-09-04T08:05:44.840427+00:00,SAND/USDT,HOLD,6,0.03920000046491623,,,False,
2026-09-04T08:05:45.073968+00:00,MANA/USDT,HOLD,5,0.07530000060796738,,,False,
2026-09-04T08:05:45.330695+00:00,AAVE/USDT,BUY,7,133.52000427246094,119.2709004293361,154.8936600371482,False,
2026-09-04T09:14:41.185422+00:00,SOL/USDT,BUY,8,104.19000244140625,95.06440826161193,117.87839371109774,False,
2026-09-04T09:14:41.862395+00:00,XRP/USDT,HOLD,7,1.4555000066757202,,,False,
2026-09-04T09:14:42.154267+00:00,ADA/USDT,BUY,7,0.22347000241279602,0.19782646931482012,0.2619353020597599,False,
2026-09-04T09:14:42.432928+00:00,AVAX/USDT,HOLD,7,7.508999824523926,,,False,
2026-09-04T09:14:42.756201+00:00,DOGE/USDT,HOLD,6,0.08772999793291092,,,False,
2026-09-04T09:14:43.034825+00:00,DOT/USDT,HOLD,6,0.8784999847412109,,,False,
2026-09-04T09:14:43.325616+00:00,LINK/USDT,BUY,7,12.086999893188477,11.01434465808185,13.695982745848417,False,
2026-09-04T09:14:43.596615+00:00,LTC/USDT,HOLD,5,51.30099868774414,,,False,
2026-09-04T09:14:43.924414+00:00,TRX/USDT,SELL,7,0.3285681903362274,0.33846486490731975,0.31372317847958886,False,
2026-09-04T09:14:44.234796+00:00,ATOM/USDT,HOLD,5,1.5228999853134155,,,False,
2026-09-04T09:14:44.418191+00:00,UNI/USDT,HOLD,5,0.0001630000042496249,,,False,
2026-09-04T09:14:44.573712+00:00,MATIC/USDT,HOLD,6,0.21641500294208527,,,False,
2026-09-04T09:14:44.881352+00:00,NEAR/USDT,BUY,8,1.9903000593185425,1.7552749758451287,2.3428376845286634,False,
2026-09-04T09:14:45.162807+00:00,FIL/USDT,HOLD,6,0.7731999754905701,,,False,
2026-09-04T09:14:45.473377+00:00,ICP/USDT,BUY,11,2.5924999713897705,2.3426480171521757,2.9672779027461624,False,
2026-09-04T09:14:45.768898+00:00,ETC/USDT,HOLD,6,7.668000221252441,,,False,
2026-09-04T09:14:46.088756+00:00,XLM/USDT,HOLD,5,0.18561799824237823,,,False,
2026-09-04T09:14:46.401988+00:00,ALGO/USDT,BUY,7,0.09269999712705612,0.0837222822573461,0.10616656943162116,False,
2026-09-04T09:14:46.737523+00:00,VET/USDT,BUY,8,0.006837999913841486,0.006042763316841042,0.008030854809342153,False,
2026-09-04T09:14:47.045317+00:00,SAND/USDT,HOLD,6,0.039500001817941666,,,False,
2026-09-04T09:14:47.336276+00:00,MANA/USDT,BUY,7,0.07599999755620956,0.06943270236301678,0.08585094034599873,False,
2026-09-04T09:14:47.636280+00:00,AAVE/USDT,BUY,8,134.77000427246094,119.83414485011468,157.17379340598032,False,
2026-09-04T09:32:49.235649+00:00,SOL/USDT,BUY,8,104.30999755859375,95.16591844576371,118.02611622783881,False,
2026-09-04T09:32:49.896040+00:00,XRP/USDT,HOLD,7,1.4556000232696533,,,False,
2026-09-04T09:32:50.236396+00:00,ADA/USDT,BUY,7,0.22322000563144684,0.19757647253347094,0.2616853052784107,False,
2026-09-04T09:32:50.612909+00:00,AVAX/USDT,HOLD,7,7.50600004196167,,,False,
2026-09-04T09:32:50.973004+00:00,DOGE/USDT,HOLD,6,0.0878399983048439,,,False,
2026-09-04T09:32:51.325651+00:00,DOT/USDT,HOLD,6,0.8776000142097473,,,False,
2026-09-04T09:32:51.654850+00:00,LINK/USDT,BUY,7,12.0600004196167,10.982557739441713,13.676164439879178,False,
2026-09-04T09:32:52.000302+00:00,LTC/USDT,HOLD,5,51.24700164794922,,,False,
2026-09-04T09:32:52.326185+00:00,TRX/USDT,SELL,7,0.32810038328170776,0.3379970578528001,0.3132553714250692,False,
2026-09-04T09:32:52.679043+00:00,ATOM/USDT,HOLD,6,1.5195000171661377,,,False,
2026-09-04T09:32:52.883427+00:00,UNI/USDT,HOLD,5,0.0001630000042496249,,,False,
2026-09-04T09:32:53.093815+00:00,MATIC/USDT,HOLD,6,0.21641500294208527,,,False,
2026-09-04T09:32:53.461165+00:00,NEAR/USDT,BUY,8,1.9989999532699585,1.763236317158082,2.352645407437773,False,
2026-09-04T09:32:53.815825+00:00,FIL/USDT,HOLD,6,0.7742000222206116,,,False,
2026-09-04T09:32:54.161642+00:00,ICP/USDT,BUY,10,2.585599899291992,2.3347057152657538,2.96194117533135,False,
2026-09-04T09:32:54.519351+00:00,ETC/USDT,HOLD,6,7.6620001792907715,,,False,
2026-09-04T09:32:54.855785+00:00,XLM/USDT,HOLD,5,0.1857690066099167,,,False,
2026-09-04T09:32:55.185433+00:00,ALGO/USDT,BUY,7,0.092569999396801,0.08359228452709097,0.10603657170136603,False,
2026-09-04T09:32:55.505097+00:00,VET/USDT,BUY,8,0.006800000090152025,0.0060021343695234415,0.007996798671094901,False,
2026-09-04T09:32:55.829734+00:00,SAND/USDT,HOLD,6,0.039500001817941666,,,False,
2026-09-04T09:32:56.178377+00:00,MANA/USDT,BUY,7,0.07599999755620956,0.06943270236301678,0.08585094034599873,False,
2026-09-04T09:32:56.511975+00:00,AAVE/USDT,BUY,8,134.55999755859375,119.6241381362475,156.96378669211313,False,
2026-09-04T13:56:56.819776+00:00,SOL/USDT,BUY,7,101.69000244140625,92.45780096141924,115.53830466138677,False,
2026-09-04T13:56:57.292833+00:00,XRP/USDT,HOLD,7,1.412600040435791,,,False,
2026-09-04T13:56:57.530228+00:00,ADA/USDT,BUY,7,0.2150000035762787,0.18955820725036476,0.25316269806514957,False,
2026-09-04T13:56:57.792857+00:00,AVAX/USDT,HOLD,6,7.381999969482422,,,False,
2026-09-04T13:56:58.055639+00:00,DOGE/USDT,HOLD,7,0.08528000116348267,,,False,
2026-09-04T13:56:58.287216+00:00,DOT/USDT,HOLD,6,0.8592000007629395,,,False,
2026-09-04T13:56:58.519484+00:00,LINK/USDT,HOLD,6,11.640999794006348,,,False,
2026-09-04T13:56:58.754861+00:00,LTC/USDT,HOLD,5,50.51900100708008,,,False,
2026-09-04T13:56:58.976591+00:00,TRX/USDT,HOLD,7,0.32960113883018494,,,False,
2026-09-04T13:56:59.247001+00:00,ATOM/USDT,HOLD,6,1.5089000463485718,,,False,
2026-09-04T13:56:59.367220+00:00,UNI/USDT,HOLD,5,0.0001630000042496249,,,False,
2026-09-04T13:56:59.494205+00:00,MATIC/USDT,HOLD,6,0.21641500294208527,,,False,
2026-09-04T13:56:59.727483+00:00,NEAR/USDT,BUY,9,1.9764000177383423,1.7356495689082043,2.3375256909835493,False,
2026-09-04T13:56:59.939448+00:00,FIL/USDT,HOLD,6,0.75,,,False,
2026-09-04T13:57:00.176301+00:00,ICP/USDT,BUY,8,2.4760000705718994,2.2256688473756303,2.8514969053663033,False,
2026-09-04T13:57:00.437632+00:00,ETC/USDT,HOLD,5,7.414999961853027,,,False,
2026-09-04T13:57:00.679050+00:00,XLM/USDT,HOLD,5,0.1808069944381714,,,False,
2026-09-04T13:57:00.952579+00:00,ALGO/USDT,BUY,7,0.09124000370502472,0.08226968881027581,0.10469547604714809,False,
2026-09-04T13:57:01.204147+00:00,VET/USDT,BUY,7,0.006670000031590462,0.005886477382161646,0.007845284005733685,False,
2026-09-04T13:57:01.453115+00:00,SAND/USDT,HOLD,6,0.039000000804662704,,,False,
2026-09-04T13:57:01.675588+00:00,MANA/USDT,HOLD,6,0.07500000298023224,,,False,
2026-09-04T13:57:01.928374+00:00,AAVE/USDT,BUY,8,131.49000549316406,116.85407172886177,153.44390613961752,False,
2026-09-04T22:10:42.686299+00:00,BTC/USDT,HOLD,6,79679.9921875,,,False,
2026-09-04T22:10:43.227809+00:00,ETH/USDT,HOLD,6,2453.530029296875,,,False,
2026-09-04T22:10:43.703996+00:00,SOL/USDT,HOLD,6,101.7699966430664,,,False,
2026-09-04T22:10:44.428049+00:00,BNB/USDT,BUY,7,718.4199829101562,680.103367115273,775.894906602481,True,
2026-09-04T22:10:45.040201+00:00,XRP/USDT,HOLD,6,1.3967000246047974,,,False,
2026-09-04T22:10:45.567142+00:00,ADA/USDT,HOLD,6,0.21156999468803406,,,False,
2026-09-04T22:10:46.061271+00:00,AVAX/USDT,HOLD,6,7.357999801635742,,,False,
2026-09-04T22:10:46.585499+00:00,DOGE/USDT,HOLD,7,0.08462999761104584,,,False,
2026-09-04T22:10:47.109855+00:00,DOT/USDT,HOLD,7,0.8715999722480774,,,False,
2026-09-04T22:10:47.614877+00:00,LINK/USDT,HOLD,5,11.640000343322754,,,False,
2026-09-04T22:10:48.128577+00:00,LTC/USDT,HOLD,5,50.66400146484375,,,False,
2026-09-04T22:10:48.570695+00:00,TRX/USDT,HOLD,6,0.33154386281967163,,,False,
2026-09-04T22:10:49.124101+00:00,ATOM/USDT,HOLD,6,1.496500015258789,,,False,
2026-09-04T22:10:49.451476+00:00,UNI/USDT,HOLD,5,0.0001630000042496249,,,False,
2026-09-04T22:10:49.769268+00:00,MATIC/USDT,HOLD,6,0.21641500294208527,,,False,
2026-09-04T22:10:50.354960+00:00,NEAR/USDT,BUY,10,2.1201000213623047,1.858231084901595,2.512903426053369,True,
2026-09-04T22:10:50.864145+00:00,FIL/USDT,HOLD,5,0.7512999773025513,,,False,
2026-09-04T22:10:51.509466+00:00,ICP/USDT,BUY,8,2.4677000045776367,2.212205111795186,2.850942343751313,True,
2026-09-04T22:10:52.062579+00:00,ETC/USDT,HOLD,5,7.39300012588501,,,False,
2026-09-04T22:10:52.527146+00:00,XLM/USDT,HOLD,4,0.17927099764347076,,,False,
2026-09-04T22:10:52.996372+00:00,ALGO/USDT,BUY,7,0.09009999781847,0.08100372447251815,0.10374440783739777,False,
2026-09-04T22:10:53.466623+00:00,VET/USDT,BUY,7,0.0067449999041855335,0.00595052490127924,0.007936712408544974,False,
2026-09-04T22:10:53.993240+00:00,SAND/USDT,HOLD,6,0.03880000114440918,,,False,
2026-09-04T22:10:54.459722+00:00,MANA/USDT,HOLD,7,0.0729999989271164,,,False,
2026-09-04T22:10:54.873828+00:00,AAVE/USDT,HOLD,6,129.52000427246094,,,False,
2026-09-05T22:10:24.922177+00:00,BTC/USDT,HOLD,5,79891.0625,,,False,
2026-09-05T22:10:25.497352+00:00,ETH/USDT,HOLD,5,2486.47998046875,,,False,
2026-09-05T22:10:26.275581+00:00,SOL/USDT,BUY,7,103.68000030517578,94.68374896247579,117.17437731922577,True,
2026-09-05T22:10:26.835336+00:00,BNB/USDT,BUY,9,771.2000122070312,727.1545120785609,837.268262399737,False,
2026-09-05T22:10:27.309284+00:00,XRP/USDT,HOLD,5,1.4187999963760376,,,False,
2026-09-05T22:10:27.805546+00:00,ADA/USDT,BUY,8,0.22032999992370605,0.19447350930031243,0.25911473585879646,False,
2026-09-05T22:10:28.310529+00:00,AVAX/USDT,HOLD,5,7.611000061035156,,,False,
2026-09-05T22:10:28.840370+00:00,DOGE/USDT,BUY,8,0.09083999693393707,0.0817593662094212,0.10446094302071088,False,
2026-09-05T22:10:29.290952+00:00,DOT/USDT,BUY,8,0.9205999970436096,0.8335458190414634,1.051181264046829,False,
2026-09-05T22:10:29.741600+00:00,LINK/USDT,HOLD,6,12.07699966430664,,,False,
2026-09-05T22:10:30.218696+00:00,LTC/USDT,BUY,8,54.67499923706055,50.761313060897635,60.545528501304915,False,
2026-09-05T22:10:30.672270+00:00,TRX/USDT,HOLD,5,0.334507018327713,,,False,
2026-09-05T22:10:31.159800+00:00,ATOM/USDT,HOLD,5,1.5565999746322632,,,False,
2026-09-05T22:10:31.494106+00:00,UNI/USDT,HOLD,5,0.0001630000042496249,,,False,
2026-09-05T22:10:31.735256+00:00,MATIC/USDT,HOLD,6,0.21641500294208527,,,False,
2026-09-05T22:10:32.738127+00:00,FIL/USDT,BUY,8,0.7928000092506409,0.7001286725005561,0.931807014375768,False,
2026-09-05T22:10:33.863300+00:00,ETC/USDT,HOLD,5,7.830999851226807,,,False,
2026-09-05T22:10:34.389942+00:00,XLM/USDT,HOLD,5,0.18528899550437927,,,False,
2026-09-05T22:10:34.879423+00:00,ALGO/USDT,BUY,8,0.09573999792337418,0.08628725206893843,0.10991911670502778,False,
2026-09-05T22:10:35.305541+00:00,VET/USDT,BUY,7,0.006943000014871359,0.006182898229077732,0.0080831526935618,False,
2026-09-05T22:10:35.883097+00:00,SAND/USDT,HOLD,6,0.04010000079870224,,,False,
2026-09-05T22:10:36.451659+00:00,MANA/USDT,BUY,7,0.07590000331401825,0.06929115426708124,0.08581327688442376,False,
2026-09-05T22:10:36.935985+00:00,AAVE/USDT,BUY,7,134.60000610351562,119.88064580819217,156.6790465465008,False,
2026-09-06T22:10:16.947204+00:00,BTC/USDT,HOLD,5,79709.2578125,,,False,
2026-09-06T22:10:17.309365+00:00,ETH/USDT,HOLD,5,2498.090087890625,,,False,
2026-09-06T22:10:17.998707+00:00,BNB/USDT,BUY,8,750.0499877929688,705.3357524140024,817.1213408614183,False,
2026-09-06T22:10:18.332251+00:00,XRP/USDT,HOLD,5,1.4149999618530273,,,False,
2026-09-06T22:10:18.708641+00:00,ADA/USDT,BUY,8,0.21973000466823578,0.1947377722690059,0.2572183532670806,False,
2026-09-06T22:10:19.061676+00:00,AVAX/USDT,BUY,7,7.750999927520752,7.1531893401891,8.64771580851823,False,
2026-09-06T22:10:19.400829+00:00,DOGE/USDT,BUY,7,0.08997000008821487,0.08095530109550983,0.10349204857727244,False,
2026-09-06T22:10:19.767057+00:00,DOT/USDT,BUY,9,0.9682999849319458,0.8767172630927653,1.1056740676907166,False,
2026-09-06T22:10:20.129767+00:00,LINK/USDT,BUY,9,12.843999862670898,11.664229585874907,14.613655277864886,False,
2026-09-06T22:10:20.465628+00:00,LTC/USDT,BUY,7,54.68299865722656,50.81270826095691,60.48843425163104,False,
2026-09-06T22:10:20.801088+00:00,TRX/USDT,HOLD,5,0.3359876573085785,,,False,
2026-09-06T22:10:21.165564+00:00,ATOM/USDT,BUY,7,1.583299994468689,1.4519475409999845,1.780328674671746,False,
2026-09-06T22:10:21.338103+00:00,UNI/USDT,HOLD,5,0.0001630000042496249,,,False,
2026-09-06T22:10:21.536634+00:00,MATIC/USDT,HOLD,6,0.21641500294208527,,,False,
2026-09-06T22:10:22.252563+00:00,FIL/USDT,BUY,8,0.8004000186920166,0.7065833422700903,0.9411250333249059,False,
2026-09-06T22:10:22.957149+00:00,ETC/USDT,HOLD,6,7.745999813079834,,,False,
2026-09-06T22:10:23.317963+00:00,XLM/USDT,HOLD,5,0.1851080060005188,,,False,
2026-09-06T22:10:23.674725+00:00,ALGO/USDT,BUY,8,0.09532000124454498,0.08618152949993821,0.10902770886145516,False,
2026-09-06T22:10:24.029376+00:00,VET/USDT,HOLD,5,0.007050999905914068,,,False,
2026-09-06T22:10:24.387970+00:00,SAND/USDT,HOLD,5,0.03999999910593033,,,False,
2026-09-06T22:10:24.757627+00:00,MANA/USDT,HOLD,6,0.07620000094175339,,,False,
2026-09-06T22:10:25.093999+00:00,AAVE/USDT,BUY,7,133.9600067138672,119.27045414038456,155.9943355740911,False,
2026-09-07T07:21:58.505117+00:00,BTC/USDT,HOLD,5,79560.1796875,,,False,
2026-09-07T07:21:58.763794+00:00,ETH/USDT,HOLD,6,2497.679931640625,,,False,
2026-09-07T07:21:59.513690+00:00,BNB/USDT,BUY,8,744.280029296875,701.206970841339,808.889616980179,True,
2026-09-07T07:21:59.772984+00:00,XRP/USDT,HOLD,5,1.409600019454956,,,False,
2026-09-07T07:22:00.044154+00:00,ADA/USDT,BUY,7,0.21950000524520874,0.1952057099980478,0.25594144811595015,False,
2026-09-07T07:22:00.297866+00:00,AVAX/USDT,BUY,8,7.861000061035156,7.270063525391137,8.747404864501185,False,
2026-09-07T07:22:00.569483+00:00,DOGE/USDT,BUY,7,0.09001000225543976,0.08137223246752075,0.10296665693731827,False,
2026-09-07T07:22:00.828126+00:00,DOT/USDT,BUY,9,0.9707000255584717,0.8777527001134172,1.1101210137260533,False,
2026-09-07T07:22:01.098545+00:00,LINK/USDT,BUY,9,13.333000183105469,12.13742113477665,15.126368755598696,False,
2026-09-07T07:22:01.352274+00:00,LTC/USDT,BUY,7,54.779998779296875,50.88233862612745,60.62648900905101,False,
2026-09-07T07:22:01.604471+00:00,TRX/USDT,HOLD,5,0.33669567108154297,,,False,
2026-09-07T07:22:01.877096+00:00,ATOM/USDT,BUY,8,1.6301000118255615,1.50234658746092,1.8217301483725237,False,
2026-09-07T07:22:02.013153+00:00,UNI/USDT,HOLD,5,0.0001630000042496249,,,False,
2026-09-07T07:22:02.145186+00:00,MATIC/USDT,HOLD,6,0.21641500294208527,,,False,
2026-09-07T07:22:02.704260+00:00,FIL/USDT,BUY,8,0.8203999996185303,0.729983815373394,0.9560242759862347,False,
2026-09-07T07:22:02.974280+00:00,ICP/USDT,BUY,9,3.0039000511169434,2.7012012276940656,3.45794828625126,False,
2026-09-07T07:22:03.254310+00:00,ETC/USDT,BUY,8,7.839000225067139,7.187153551200907,8.816770235866487,False,
2026-09-07T07:22:03.556071+00:00,XLM/USDT,BUY,8,0.19053900241851807,0.173562843726815,0.21600324045607266,False,
2026-09-07T07:22:03.820431+00:00,ALGO/USDT,BUY,7,0.0946199968457222,0.08572853751691863,0.10795718583892755,False,
2026-09-07T07:22:04.075900+00:00,VET/USDT,BUY,7,0.007083999924361706,0.006360960463175975,0.008168559116140303,False,
2026-09-07T07:22:04.341889+00:00,SAND/USDT,HOLD,5,0.039900001138448715,,,False,
2026-09-07T07:22:04.608944+00:00,MANA/USDT,HOLD,6,0.0754999965429306,,,False,
2026-09-07T07:22:04.860959+00:00,AAVE/USDT,BUY,8,134.55999755859375,120.44415778366418,155.73375722098808,False,
2026-09-07T07:28:09.164722+00:00,BTC/USDT,HOLD,5,79427.9296875,,,False,
2026-09-07T07:28:09.586825+00:00,ETH/USDT,HOLD,5,2490.81005859375,,,False,
2026-09-07T07:28:10.822708+00:00,XRP/USDT,HOLD,5,1.4053000211715698,,,False,
2026-09-07T07:28:11.196743+00:00,ADA/USDT,BUY,7,0.21823999285697937,0.19394569760981842,0.2546814357277208,False,
2026-09-07T07:28:11.638727+00:00,AVAX/USDT,BUY,8,7.815999984741211,7.225063449097192,8.70240478820724,False,
2026-09-07T07:28:12.040257+00:00,DOGE/USDT,BUY,7,0.08962000161409378,0.08098223182617477,0.10257665629597229,False,
2026-09-07T07:28:12.585339+00:00,DOT/USDT,BUY,9,0.9656999707221985,0.8725829849132655,1.105375449435598,False,
2026-09-07T07:28:12.977574+00:00,LINK/USDT,BUY,9,13.263999938964844,12.068420890636025,15.05736851145807,False,
2026-09-07T07:28:13.429573+00:00,LTC/USDT,BUY,8,54.590999603271484,50.69333945010206,60.437489833025616,False,
2026-09-07T07:28:13.993324+00:00,TRX/USDT,HOLD,5,0.33665576577186584,,,False,
2026-09-07T07:28:14.488677+00:00,ATOM/USDT,BUY,8,1.6205999851226807,1.4917061536045009,1.8139407323999504,False,
2026-09-07T07:28:14.761610+00:00,UNI/USDT,HOLD,5,0.0001630000042496249,,,False,
2026-09-07T07:28:15.022117+00:00,MATIC/USDT,HOLD,6,0.21641500294208527,,,False,
2026-09-07T07:28:15.822024+00:00,FIL/USDT,BUY,8,0.8180000185966492,0.7275838343515129,0.9536242949643536,False,
2026-09-07T07:28:16.265899+00:00,ICP/USDT,BUY,9,3.0006000995635986,2.696109901116743,3.4573353972338823,False,
2026-09-07T07:28:16.712046+00:00,ETC/USDT,BUY,8,7.802999973297119,7.151153299430887,8.780769984096468,False,
2026-09-07T07:28:17.065910+00:00,XLM/USDT,BUY,8,0.19011199474334717,0.1731358360516441,0.21557623278090177,False,
2026-09-07T07:28:17.522781+00:00,ALGO/USDT,BUY,7,0.09437000006437302,0.08547854073556944,0.10770718905757837,False,
2026-09-07T07:28:17.878005+00:00,VET/USDT,BUY,7,0.007065000012516975,0.006341960551331244,0.008149559204295572,False,
2026-09-07T07:28:18.277226+00:00,SAND/USDT,HOLD,5,0.03970000147819519,,,False,
2026-09-07T07:28:18.682551+00:00,MANA/USDT,HOLD,6,0.0754999965429306,,,False,
2026-09-07T07:28:19.057814+00:00,AAVE/USDT,BUY,8,134.0,119.88416022507043,155.17375966239433,False,
2026-09-07T11:16:43.135906+00:00,BTC/USDT,HOLD,5,79394.40625,,,False,
2026-09-07T11:16:43.922055+00:00,ETH/USDT,HOLD,5,2490.340087890625,,,False,
2026-09-07T11:16:45.619656+00:00,XRP/USDT,HOLD,5,1.3986999988555908,,,False,
2026-09-07T11:16:46.396486+00:00,ADA/USDT,BUY,7,0.21899999678134918,0.19441629118148132,0.25587555518115096,True,
2026-09-07T11:16:47.086318+00:00,AVAX/USDT,BUY,8,7.861999988555908,7.266161703164749,8.755757416642647,True,
2026-09-07T11:16:47.713370+00:00,DOGE/USDT,BUY,7,0.08957000076770782,0.08088122324065362,0.10260316705828913,False,
2026-09-07T11:16:48.251650+00:00,DOT/USDT,BUY,10,0.9861000180244446,0.8918002376445887,1.1275496885942284,False,
2026-09-07T11:16:48.716647+00:00,LINK/USDT,BUY,9,13.256999969482422,12.061420921153603,15.050368541975649,False,
2026-09-07T11:16:49.151172+00:00,LTC/USDT,BUY,9,55.85900115966797,51.939566714506356,61.73815282741038,False,
2026-09-07T11:16:49.620234+00:00,TRX/USDT,HOLD,5,0.33666059374809265,,,False,
2026-09-07T11:16:50.099091+00:00,ATOM/USDT,BUY,8,1.6223000288009644,1.4919976884370465,1.8177535393468411,False,
2026-09-07T11:16:50.402846+00:00,UNI/USDT,HOLD,5,0.0001630000042496249,,,False,
2026-09-07T11:16:50.726802+00:00,MATIC/USDT,HOLD,6,0.21641500294208527,,,False,
2026-09-07T11:16:51.899526+00:00,FIL/USDT,BUY,8,0.8198999762535095,0.7288056529348651,0.9565414612314762,False,
2026-09-07T11:16:52.376359+00:00,ICP/USDT,BUY,9,2.9435999393463135,2.6344981125032874,3.4072526796108527,False,
2026-09-07T11:16:52.834839+00:00,ETC/USDT,BUY,7,7.769999980926514,7.105910104305852,8.766134795857507,False,
2026-09-07T11:16:53.382650+00:00,XLM/USDT,BUY,8,0.19183099269866943,0.17485483400696636,0.21729523073622403,False,
2026-09-07T11:16:53.868427+00:00,ALGO/USDT,BUY,7,0.09510999917984009,0.0861422980597882,0.10856155085991792,False,
2026-09-07T11:16:54.380623+00:00,VET/USDT,BUY,7,0.00709300022572279,0.006362884775184253,0.008188173401530595,False,
2026-09-07T11:16:54.985501+00:00,SAND/USDT,HOLD,5,0.04010000079870224,,,False,
2026-09-07T11:16:55.430278+00:00,MANA/USDT,HOLD,6,0.07530000060796738,,,False,
2026-09-07T11:16:55.952137+00:00,AAVE/USDT,BUY,8,134.39999389648438,120.12317171711842,155.8152271655333,False,
2026-09-07T11:30:36.545523+00:00,BTC/USDT,HOLD,5,79446.859375,,,False,
2026-09-07T11:30:37.008673+00:00,ETH/USDT,HOLD,5,2492.219970703125,,,False,
2026-09-07T11:30:37.923329+00:00,XRP/USDT,HOLD,5,1.3990999460220337,,,False,
2026-09-07T11:30:38.872305+00:00,DOGE/USDT,BUY,7,0.089649997651577,0.0809612201245228,0.1026831639421583,False,
2026-09-07T11:30:39.179075+00:00,DOT/USDT,BUY,9,0.991100013256073,0.8968002328762171,1.1325496838258569,False,
2026-09-07T11:30:39.456956+00:00,LINK/USDT,BUY,8,13.215999603271484,12.020420554942666,15.009368175764711,False,
2026-09-07T11:30:39.733884+00:00,LTC/USDT,BUY,9,56.005001068115234,52.08556662295362,61.88415273585765,False,
2026-09-07T11:30:40.019100+00:00,TRX/USDT,HOLD,5,0.3365897536277771,,,False,
2026-09-07T11:30:40.301346+00:00,ATOM/USDT,BUY,8,1.6207000017166138,1.490397661352696,1.8161535122624906,False,
2026-09-07T11:30:40.450581+00:00,UNI/USDT,HOLD,5,0.0001630000042496249,,,False,
2026-09-07T11:30:40.604240+00:00,MATIC/USDT,HOLD,6,0.21641500294208527,,,False,
2026-09-07T11:30:41.162052+00:00,FIL/USDT,BUY,8,0.8208000063896179,0.7297056830709735,0.9574414913675846,False,
2026-09-07T11:30:41.428454+00:00,ICP/USDT,BUY,9,2.918800115585327,2.609698288742301,3.3824528558498663,False,
2026-09-07T11:30:41.748643+00:00,ETC/USDT,BUY,7,7.757999897003174,7.093910020382512,8.754134711934167,False,
2026-09-07T11:30:42.119077+00:00,XLM/USDT,BUY,8,0.19187000393867493,0.17489384524697185,0.21733424197622953,False,
2026-09-07T11:30:42.512813+00:00,ALGO/USDT,BUY,7,0.09487999975681305,0.08591229863676116,0.10833155143689088,False,
2026-09-07T11:30:42.790533+00:00,VET/USDT,BUY,7,0.00709300022572279,0.006362884775184253,0.008188173401530595,False,
2026-09-07T11:30:43.222506+00:00,SAND/USDT,HOLD,5,0.04010000079870224,,,False,
2026-09-07T11:30:43.560542+00:00,MANA/USDT,HOLD,6,0.07540000230073929,,,False,
2026-09-07T11:30:43.947210+00:00,AAVE/USDT,BUY,8,133.82000732421875,119.5431851448528,155.23524059326766,False,
2026-09-07T22:11:22.630087+00:00,BTC/USDT,HOLD,5,79190.9921875,,,False,
2026-09-07T22:11:23.008882+00:00,ETH/USDT,HOLD,5,2490.300048828125,,,False,
2026-09-07T22:11:24.042497+00:00,XRP/USDT,HOLD,5,1.3970999717712402,,,False,
2026-09-07T22:11:25.018670+00:00,DOGE/USDT,BUY,8,0.09063000231981277,0.08183944773306728,0.10381583419993103,False,
2026-09-07T22:11:25.295364+00:00,DOT/USDT,BUY,9,1.0664000511169434,0.9608731228172964,1.2246904435664137,False,
2026-09-07T22:11:25.619363+00:00,LINK/USDT,BUY,8,12.758999824523926,11.529087547130166,14.603868240614565,False,
2026-09-07T22:11:26.018520+00:00,LTC/USDT,BUY,9,55.72200012207031,51.39371732311406,62.21442432050469,False,
2026-09-07T22:11:26.402704+00:00,TRX/USDT,HOLD,5,0.3345881402492523,,,False,
2026-09-07T22:11:26.834543+00:00,ATOM/USDT,BUY,10,1.632699966430664,1.4951145174917428,1.8390781398390459,False,
2026-09-07T22:11:27.042690+00:00,UNI/USDT,HOLD,5,0.0001630000042496249,,,False,
2026-09-07T22:11:27.346039+00:00,MATIC/USDT,HOLD,6,0.21641500294208527,,,False,
2026-09-07T22:11:28.043817+00:00,FIL/USDT,BUY,9,0.8337000012397766,0.7348819973567967,0.9819270070642464,False,
2026-09-07T22:11:28.536873+00:00,ICP/USDT,BUY,9,3.053800106048584,2.7348715168699167,3.532192989816585,False,
2026-09-07T22:11:28.774693+00:00,ETC/USDT,BUY,7,7.916999816894531,7.241372660872363,8.930440550927784,False,
2026-09-07T22:11:29.093640+00:00,XLM/USDT,BUY,9,0.1930370032787323,0.17563511415424637,0.2191398369654612,False,
2026-09-07T22:11:29.454670+00:00,ALGO/USDT,BUY,8,0.09606999903917313,0.08701671629291034,0.1096499231585673,False,
2026-09-07T22:11:29.780663+00:00,VET/USDT,HOLD,6,0.007216999772936106,,,False,
2026-09-07T22:11:30.151027+00:00,SAND/USDT,HOLD,6,0.040300000458955765,,,False,
2026-09-07T22:11:30.617959+00:00,MANA/USDT,HOLD,6,0.07559999823570251,,,False,
2026-09-07T22:11:30.983407+00:00,AAVE/USDT,HOLD,6,131.97000122070312,,,False,
2026-09-08T22:11:34.988536+00:00,BTC/USDT,HOLD,5,78474.9296875,,,False,
2026-09-08T22:11:35.211236+00:00,ETH/USDT,HOLD,5,2482.989990234375,,,False,
2026-09-08T22:11:36.211481+00:00,XRP/USDT,BUY,7,1.420300006866455,1.285820758640445,1.6220188792054702,False,
2026-09-08T22:11:36.936789+00:00,DOGE/USDT,HOLD,6,0.08963999897241592,,,False,
2026-09-08T22:11:37.147993+00:00,DOT/USDT,BUY,9,1.2421000003814697,1.1109855400789956,1.4387716908351809,False,
2026-09-08T22:11:37.382914+00:00,LINK/USDT,BUY,7,12.503000259399414,11.284823504870053,14.330265391193457,False,
2026-09-08T22:11:37.644919+00:00,LTC/USDT,BUY,9,54.165000915527344,49.8202650773771,60.6821046727527,False,
2026-09-08T22:11:37.864520+00:00,TRX/USDT,HOLD,5,0.3380819857120514,,,False,
2026-09-08T22:11:38.113204+00:00,ATOM/USDT,BUY,9,1.8653000593185425,1.7034541255676834,2.108068959944831,False,
2026-09-08T22:11:38.236567+00:00,UNI/USDT,HOLD,5,0.0001630000042496249,,,False,
2026-09-08T22:11:38.367544+00:00,MATIC/USDT,HOLD,6,0.21641500294208527,,,False,
2026-09-08T22:11:38.855536+00:00,FIL/USDT,BUY,8,0.8515999913215637,0.7542906125476758,0.9975640594823956,False,
2026-09-08T22:11:39.129583+00:00,ICP/USDT,BUY,9,2.94350004196167,2.6188313746542162,3.4305030429228505,False,
2026-09-08T22:11:39.371212+00:00,ETC/USDT,BUY,9,8.574999809265137,7.809772085244791,9.722841395295655,False,
2026-09-08T22:11:39.607701+00:00,XLM/USDT,BUY,8,0.1887200027704239,0.17146162629349176,0.21460756748582208,False,
2026-09-08T22:11:39.829300+00:00,ALGO/USDT,BUY,10,0.09997999668121338,0.09050922538981819,0.11418615361830615,False,
2026-09-08T22:11:40.128136+00:00,VET/USDT,BUY,9,0.007911000400781631,0.007105078229600695,0.009119883657553035,False,
2026-09-08T22:11:40.397405+00:00,SAND/USDT,HOLD,6,0.040300000458955765,,,False,
2026-09-08T22:11:40.639516+00:00,MANA/USDT,BUY,7,0.07569999992847443,0.06942314836685792,0.0851152772708992,False,
2026-09-08T22:11:40.870316+00:00,AAVE/USDT,HOLD,5,128.8800048828125,,,False,
2026-09-09T22:10:44.838556+00:00,BTC/USDT,HOLD,5,77933.0390625,,,False,
2026-09-09T22:10:45.158786+00:00,ETH/USDT,HOLD,5,2453.14990234375,,,False,
2026-09-09T22:10:46.124158+00:00,XRP/USDT,HOLD,5,1.3902000188827515,,,False,
2026-09-09T22:10:46.493666+00:00,ADA/USDT,HOLD,6,0.21095000207424164,,,False,
2026-09-09T22:10:47.169143+00:00,DOGE/USDT,HOLD,5,0.08590999990701675,,,False,
2026-09-09T22:10:47.631500+00:00,DOT/USDT,BUY,9,1.1054999828338623,0.9628405537007323,1.3194891265335573,True,
2026-09-09T22:10:47.941836+00:00,LINK/USDT,HOLD,6,11.711999893188477,,,False,
2026-09-09T22:10:48.258893+00:00,LTC/USDT,HOLD,6,53.05099868774414,,,False,
2026-09-09T22:10:48.593077+00:00,TRX/USDT,HOLD,7,0.3389916718006134,,,False,
2026-09-09T22:10:48.996757+00:00,ATOM/USDT,BUY,9,1.843400001525879,1.6611915610852286,2.1167126621868544,True,
2026-09-09T22:10:49.159055+00:00,UNI/USDT,HOLD,5,0.0001630000042496249,,,False,
2026-09-09T22:10:49.343813+00:00,MATIC/USDT,HOLD,6,0.21641500294208527,,,False,
2026-09-09T22:10:49.670180+00:00,NEAR/USDT,BUY,10,2.462899923324585,2.1357462315856113,2.9536304609330455,False,
2026-09-09T22:10:50.019336+00:00,FIL/USDT,BUY,8,0.8215000033378601,0.7270852726531725,0.9631220993648917,False,
2026-09-09T22:10:50.338778+00:00,ICP/USDT,BUY,8,2.8022000789642334,2.4794011005602905,3.2863985465701475,False,
2026-09-09T22:10:50.690580+00:00,ETC/USDT,BUY,8,7.9670000076293945,7.119589145551589,9.238116300746103,False,
2026-09-09T22:10:51.024720+00:00,XLM/USDT,HOLD,6,0.18130600452423096,,,False,
2026-09-09T22:10:51.360086+00:00,ALGO/USDT,BUY,9,0.09944000095129013,0.0899548479659085,0.11366773042936258,False,
2026-09-09T22:10:51.688909+00:00,VET/USDT,BUY,9,0.007414999883621931,0.006572471411646009,0.008678792591585814,False,
2026-09-09T22:10:52.039476+00:00,SAND/USDT,HOLD,6,0.03709999844431877,,,False,
2026-09-09T22:10:52.421076+00:00,MANA/USDT,HOLD,5,0.07280000299215317,,,False,
2026-09-09T22:10:52.778889+00:00,AAVE/USDT,HOLD,5,125.41999816894531,,,False,
2026-09-10T22:10:24.159048+00:00,BTC/USDT,HOLD,5,77145.171875,,,False,
2026-09-10T22:10:24.626443+00:00,ETH/USDT,HOLD,6,2460.010009765625,,,False,
2026-09-10T22:10:25.452019+00:00,BNB/USDT,HOLD,6,715.1799926757812,,,False,
2026-09-10T22:10:25.843472+00:00,XRP/USDT,HOLD,7,1.3530000448226929,,,False,
2026-09-10T22:10:26.246477+00:00,ADA/USDT,HOLD,5,0.20885999500751495,,,False,
2026-09-10T22:10:26.563434+00:00,AVAX/USDT,HOLD,5,7.577000141143799,,,False,
2026-09-10T22:10:26.992121+00:00,DOGE/USDT,HOLD,5,0.08409000188112259,,,False,
2026-09-10T22:10:27.737009+00:00,LINK/USDT,HOLD,5,11.604999542236328,,,False,
2026-09-10T22:10:28.100732+00:00,LTC/USDT,HOLD,6,52.4900016784668,,,False,
2026-09-10T22:10:28.486283+00:00,TRX/USDT,HOLD,7,0.3406693935394287,,,False,
2026-09-10T22:10:29.047486+00:00,UNI/USDT,HOLD,5,0.0001630000042496249,,,False,
2026-09-10T22:10:29.291456+00:00,MATIC/USDT,HOLD,6,0.21641500294208527,,,False,
2026-09-10T22:10:30.235085+00:00,NEAR/USDT,BUY,9,2.5299999713897705,2.203813624580573,3.0192794916035672,True,
2026-09-10T22:10:30.896120+00:00,FIL/USDT,BUY,7,0.7942000031471252,0.6994054515888358,0.9363918304845593,True,
2026-09-10T22:10:31.307111+00:00,ICP/USDT,BUY,7,2.799499988555908,2.4766086059003656,3.2838370625392224,False,
2026-09-10T22:10:31.721632+00:00,ETC/USDT,HOLD,6,7.7230000495910645,,,False,
2026-09-10T22:10:32.086904+00:00,XLM/USDT,HOLD,5,0.17729100584983826,,,False,
2026-09-10T22:10:32.473554+00:00,ALGO/USDT,BUY,7,0.09299000352621078,0.08306427694967673,0.10787859339101187,False,
2026-09-10T22:10:32.811765+00:00,VET/USDT,BUY,9,0.007693000137805939,0.006769584559748738,0.00907812350489174,False,
2026-09-10T22:10:33.164001+00:00,SAND/USDT,HOLD,9,0.03539999946951866,,,False,
2026-09-10T22:10:33.525738+00:00,MANA/USDT,HOLD,5,0.07159999758005142,,,False,
2026-09-10T22:10:33.859501+00:00,AAVE/USDT,HOLD,6,122.83999633789062,,,False,
2026-09-11T22:11:13.705994+00:00,BTC/USDT,HOLD,6,77126.7578125,,,False,
2026-09-11T22:11:14.166289+00:00,ETH/USDT,BUY,8,2515.2099609375,2324.4781308490924,2801.3077060701116,True,
2026-09-11T22:11:14.838878+00:00,BNB/USDT,BUY,7,723.5399780273438,676.1098987255081,794.6850969800973,False,
2026-09-11T22:11:15.234406+00:00,XRP/USDT,HOLD,6,1.3550000190734863,,,False,
2026-09-11T22:11:15.594073+00:00,ADA/USDT,HOLD,6,0.20555999875068665,,,False,
2026-09-11T22:11:15.940564+00:00,AVAX/USDT,HOLD,6,7.441999912261963,,,False,
2026-09-11T22:11:16.273502+00:00,DOGE/USDT,HOLD,6,0.08412999659776688,,,False,
2026-09-11T22:11:16.966255+00:00,LINK/USDT,HOLD,6,11.541000366210938,,,False,
2026-09-11T22:11:17.345205+00:00,LTC/USDT,BUY,7,53.2130012512207,48.95252832526822,59.60371064014943,False,
2026-09-11T22:11:17.710334+00:00,TRX/USDT,HOLD,8,0.33814099431037903,,,False,
2026-09-11T22:11:18.113262+00:00,ATOM/USDT,HOLD,6,1.6390000581741333,,,False,
2026-09-11T22:11:18.284908+00:00,UNI/USDT,HOLD,5,0.0001630000042496249,,,False,
2026-09-11T22:11:18.442678+00:00,MATIC/USDT,HOLD,6,0.21641500294208527,,,False,
2026-09-11T22:11:19.484231+00:00,ICP/USDT,BUY,7,2.7367000579833984,2.4149360379663194,3.2193460880090172,False,
2026-09-11T22:11:19.861176+00:00,ETC/USDT,HOLD,6,7.605999946594238,,,False,
2026-09-11T22:11:20.327544+00:00,XLM/USDT,HOLD,7,0.17799599468708038,,,False,
2026-09-11T22:11:20.694229+00:00,ALGO/USDT,BUY,8,0.09449999779462814,0.08415399888896123,0.11001899615312852,False,
2026-09-11T22:11:21.113694+00:00,VET/USDT,BUY,7,0.007290000095963478,0.006368767486144399,0.008671849010692097,False,
2026-09-11T22:11:21.465527+00:00,SAND/USDT,HOLD,7,0.03530000150203705,,,False,
2026-09-11T22:11:21.842896+00:00,MANA/USDT,HOLD,7,0.07150000333786011,,,False,
2026-09-11T22:11:22.205585+00:00,AAVE/USDT,HOLD,5,124.51000213623047,,,False,
2026-09-12T22:10:32.393594+00:00,BTC/USDT,HOLD,6,77247.6484375,,,False,
2026-09-12T22:10:33.729753+00:00,BNB/USDT,HOLD,5,726.4099731445312,,,False,
2026-09-12T22:10:34.012176+00:00,XRP/USDT,HOLD,6,1.3630000352859497,,,False,
2026-09-12T22:10:34.332518+00:00,ADA/USDT,HOLD,5,0.20694999396800995,,,False,
2026-09-12T22:10:34.620585+00:00,AVAX/USDT,HOLD,5,7.390999794006348,,,False,
2026-09-12T22:10:34.847049+00:00,DOGE/USDT,HOLD,5,0.08468999713659286,,,False,
2026-09-12T22:10:35.509550+00:00,LINK/USDT,HOLD,5,11.505000114440918,,,False,
2026-09-12T22:10:36.327696+00:00,LTC/USDT,BUY,8,53.595001220703125,49.49135758054472,59.75046668094073,True,
2026-09-12T22:10:36.722968+00:00,TRX/USDT,HOLD,7,0.3397795855998993,,,False,
2026-09-12T22:10:36.940972+00:00,ATOM/USDT,HOLD,5,1.6110999584197998,,,False,
2026-09-12T22:10:37.265696+00:00,UNI/USDT,HOLD,5,0.0001630000042496249,,,False,
2026-09-12T22:10:37.488854+00:00,MATIC/USDT,HOLD,6,0.21641500294208527,,,False,
2026-09-12T22:10:37.871372+00:00,NEAR/USDT,BUY,7,2.3478000164031982,2.0069472743981587,2.859079129410757,False,
2026-09-12T22:10:38.784658+00:00,ICP/USDT,BUY,7,2.7370998859405518,2.426749840731715,3.2026249537538067,False,
2026-09-12T22:10:39.260529+00:00,ETC/USDT,HOLD,6,7.611999988555908,,,False,
2026-09-12T22:10:39.573057+00:00,XLM/USDT,HOLD,6,0.1800280064344406,,,False,
2026-09-12T22:10:39.805796+00:00,ALGO/USDT,HOLD,6,0.09317000210285187,,,False,
2026-09-12T22:10:40.061624+00:00,VET/USDT,BUY,9,0.007548999972641468,0.0066155745633847095,0.008949138086526606,False,
2026-09-12T22:10:40.412536+00:00,SAND/USDT,HOLD,8,0.035999998450279236,,,False,
2026-09-12T22:10:40.659051+00:00,MANA/USDT,HOLD,5,0.07329999655485153,,,False,
2026-09-12T22:10:40.882276+00:00,AAVE/USDT,HOLD,5,125.51000213623047,,,False,
2026-09-13T22:10:55.922464+00:00,BTC/USDT,HOLD,6,76908.5234375,,,False,
2026-09-13T22:10:56.776266+00:00,BNB/USDT,HOLD,6,718.2000122070312,,,False,
2026-09-13T22:10:57.048136+00:00,XRP/USDT,HOLD,6,1.343500018119812,,,False,
2026-09-13T22:10:57.324343+00:00,ADA/USDT,HOLD,6,0.20513999462127686,,,False,
2026-09-13T22:10:57.589644+00:00,AVAX/USDT,HOLD,6,7.355999946594238,,,False,
2026-09-13T22:10:57.851326+00:00,DOGE/USDT,HOLD,5,0.08304999768733978,,,False,
2026-09-13T22:10:58.131292+00:00,DOT/USDT,HOLD,6,1.0052000284194946,,,False,
2026-09-13T22:10:58.412562+00:00,LINK/USDT,HOLD,5,11.276000022888184,,,False,
2026-09-13T22:10:58.991106+00:00,TRX/USDT,HOLD,7,0.3410176932811737,,,False,
2026-09-13T22:10:59.352693+00:00,ATOM/USDT,HOLD,5,1.5858999490737915,,,False,
2026-09-13T22:10:59.512857+00:00,UNI/USDT,HOLD,5,0.0001630000042496249,,,False,
2026-09-13T22:10:59.659961+00:00,MATIC/USDT,HOLD,6,0.21641500294208527,,,False,
2026-09-13T22:11:00.140840+00:00,NEAR/USDT,BUY,7,2.316800117492676,1.9857993010433528,2.8133013421666604,True,
2026-09-13T22:11:00.534939+00:00,FIL/USDT,BUY,9,0.9539999961853027,0.8347813723074384,1.1328279320020993,True,
2026-09-13T22:11:00.807388+00:00,ICP/USDT,BUY,8,2.7572999000549316,2.4426114947280255,3.2293325080452906,False,
2026-09-13T22:11:01.154150+00:00,ETC/USDT,HOLD,4,7.499000072479248,,,False,
2026-09-13T22:11:01.431556+00:00,XLM/USDT,HOLD,5,0.17806899547576904,,,False,
2026-09-13T22:11:01.691577+00:00,ALGO/USDT,BUY,7,0.0964599996805191,0.0858752373532193,0.11233714317146881,False,
2026-09-13T22:11:02.005127+00:00,VET/USDT,BUY,9,0.007780999876558781,0.006847598528507394,0.00918110189863586,False,
2026-09-13T22:11:02.356095+00:00,SAND/USDT,HOLD,8,0.03530000150203705,,,False,
2026-09-13T22:11:02.629869+00:00,MANA/USDT,BUY,8,0.07490000128746033,0.0682717133087006,0.0848424332555999,False,
2026-09-13T22:11:02.899742+00:00,AAVE/USDT,HOLD,6,124.70999908447266,,,False,
2026-09-14T22:11:40.334157+00:00,BTC/USDT,HOLD,6,78768.8984375,,,False,
2026-09-14T22:11:41.256367+00:00,BNB/USDT,BUY,7,723.8200073242188,679.490626330787,790.3140788143664,False,
2026-09-14T22:11:41.565312+00:00,XRP/USDT,BUY,8,1.4486000537872314,1.3099940894198503,1.656509000338303,False,
2026-09-14T22:11:41.884892+00:00,ADA/USDT,HOLD,6,0.21100999414920807,,,False,
2026-09-14T22:11:42.190021+00:00,AVAX/USDT,BUY,8,7.6479997634887695,6.999325230538788,8.621011562913742,False,
2026-09-14T22:11:42.503486+00:00,DOGE/USDT,HOLD,5,0.08449999988079071,,,False,
2026-09-14T22:11:42.816756+00:00,DOT/USDT,HOLD,6,1.013200044631958,,,False,
2026-09-14T22:11:43.124029+00:00,LINK/USDT,HOLD,5,11.663999557495117,,,False,
2026-09-14T22:11:43.753833+00:00,TRX/USDT,HOLD,8,0.33888447284698486,,,False,
2026-09-14T22:11:44.066032+00:00,ATOM/USDT,HOLD,6,1.5821000337600708,,,False,
2026-09-14T22:11:44.211613+00:00,UNI/USDT,HOLD,5,0.0001630000042496249,,,False,
2026-09-14T22:11:44.338753+00:00,MATIC/USDT,HOLD,6,0.21641500294208527,,,False,
2026-09-14T22:11:45.276467+00:00,ICP/USDT,BUY,8,2.7699999809265137,2.4572652953015006,3.239102009364033,False,
2026-09-14T22:11:45.600121+00:00,ETC/USDT,HOLD,6,7.620999813079834,,,False,
2026-09-14T22:11:45.918428+00:00,XLM/USDT,BUY,10,0.1944960057735443,0.1765018122832317,0.22148729600901323,False,
2026-09-14T22:11:46.229306+00:00,ALGO/USDT,BUY,8,0.09713000059127808,0.0866560672670737,0.11284090057758464,False,
2026-09-14T22:11:46.537326+00:00,VET/USDT,BUY,8,0.007712999824434519,0.006779613287215195,0.009113079630263504,False,
2026-09-14T22:11:46.857768+00:00,SAND/USDT,HOLD,8,0.03590000048279762,,,False,
2026-09-14T22:11:47.165290+00:00,MANA/USDT,BUY,7,0.07440000027418137,0.0678393438669138,0.08424098488508272,False,
2026-09-14T22:11:47.472983+00:00,AAVE/USDT,HOLD,5,129.7100067138672,,,False,
2026-09-15T22:11:31.821194+00:00,BTC/USDT,HOLD,8,75379.1875,,,False,
2026-09-15T22:11:32.142949+00:00,ETH/USDT,HOLD,7,2387.969970703125,,,False,
2026-09-15T22:11:32.491543+00:00,SOL/USDT,HOLD,8,96.79000091552734,,,False,
2026-09-15T22:11:32.859791+00:00,BNB/USDT,HOLD,7,711.1599731445312,,,False,
2026-09-15T22:11:33.203647+00:00,XRP/USDT,HOLD,8,1.2805999517440796,,,False,
2026-09-15T22:11:33.564132+00:00,ADA/USDT,HOLD,7,0.194240003824234,,,False,
2026-09-15T22:11:33.932925+00:00,AVAX/USDT,HOLD,6,7.236999988555908,,,False,
2026-09-15T22:11:34.253339+00:00,DOGE/USDT,HOLD,8,0.07964000105857849,,,False,
2026-09-15T22:11:34.672321+00:00,DOT/USDT,HOLD,5,0.942799985408783,,,False,
2026-09-15T22:11:35.002344+00:00,LINK/USDT,HOLD,7,10.862000465393066,,,False,
2026-09-15T22:11:35.392178+00:00,LTC/USDT,HOLD,5,50.90299987792969,,,False,
2026-09-15T22:11:35.750523+00:00,TRX/USDT,HOLD,7,0.33239424228668213,,,False,
2026-09-15T22:11:36.095594+00:00,ATOM/USDT,HOLD,6,1.5082000494003296,,,False,
2026-09-15T22:11:36.175450+00:00,UNI/USDT,HOLD,0,0.00016264230362139642,,,False,
2026-09-15T22:11:36.258245+00:00,MATIC/USDT,HOLD,0,0.21823608875274658,,,False,
2026-09-15T22:11:37.125617+00:00,FIL/USDT,BUY,7,0.8076000213623047,0.6736287303824726,1.0085569578320528,True,
2026-09-15T22:11:37.465881+00:00,ICP/USDT,HOLD,4,2.4583001136779785,,,False,
2026-09-15T22:11:37.817608+00:00,ETC/USDT,HOLD,5,7.156000137329102,,,False,
2026-09-15T22:11:38.165754+00:00,XLM/USDT,HOLD,6,0.1750890016555786,,,False,
2026-09-15T22:11:38.490741+00:00,ALGO/USDT,HOLD,5,0.08844999969005585,,,False,
2026-09-15T22:11:38.826447+00:00,VET/USDT,HOLD,5,0.007067000027745962,,,False,
2026-09-15T22:11:39.159977+00:00,SAND/USDT,HOLD,9,0.03319999948143959,,,False,
2026-09-15T22:11:39.504648+00:00,MANA/USDT,HOLD,6,0.0714000016450882,,,False,
2026-09-15T22:11:39.845028+00:00,AAVE/USDT,HOLD,6,120.70999908447266,,,False,
2026-09-16T22:11:04.115905+00:00,BTC/USDT,HOLD,7,75702.6015625,,,False,
2026-09-16T22:11:04.750233+00:00,ETH/USDT,HOLD,7,2391.580078125,,,False,
2026-09-16T22:11:05.317836+00:00,SOL/USDT,HOLD,7,97.66000366210938,,,False,
2026-09-16T22:11:05.822419+00:00,BNB/USDT,HOLD,5,718.02001953125,,,False,
2026-09-16T22:11:06.297086+00:00,XRP/USDT,HOLD,9,1.2835999727249146,,,False,
2026-09-16T22:11:06.810149+00:00,ADA/USDT,HOLD,7,0.1928199976682663,,,False,
2026-09-16T22:11:07.359452+00:00,AVAX/USDT,HOLD,6,7.3480000495910645,,,False,
2026-09-16T22:11:07.877853+00:00,DOGE/USDT,HOLD,7,0.08008000254631042,,,False,
2026-09-16T22:11:08.586915+00:00,DOT/USDT,BUY,7,1.0002000331878662,0.8655027645338687,1.2022459361688627,True,
2026-09-16T22:11:09.060297+00:00,LINK/USDT,HOLD,8,10.869000434875488,,,False,
2026-09-16T22:11:09.603479+00:00,LTC/USDT,HOLD,5,51.09199905395508,,,False,
2026-09-16T22:11:10.111386+00:00,TRX/USDT,HOLD,5,0.33548614382743835,,,False,
2026-09-16T22:11:10.714423+00:00,ATOM/USDT,HOLD,5,1.492400050163269,,,False,
2026-09-16T22:11:10.907974+00:00,UNI/USDT,HOLD,0,0.00016264230362139642,,,False,
2026-09-16T22:11:11.231589+00:00,MATIC/USDT,HOLD,0,0.21823608875274658,,,False,
2026-09-16T22:11:12.845576+00:00,ICP/USDT,HOLD,4,2.5016000270843506,,,False,
2026-09-16T22:11:13.356487+00:00,ETC/USDT,HOLD,6,7.23799991607666,,,False,
2026-09-16T22:11:13.961840+00:00,XLM/USDT,HOLD,6,0.17951999604701996,,,False,
2026-09-16T22:11:14.553281+00:00,ALGO/USDT,HOLD,6,0.08743999898433685,,,False,
2026-09-16T22:11:15.126549+00:00,VET/USDT,HOLD,5,0.007025000173598528,,,False,
2026-09-16T22:11:15.817832+00:00,SAND/USDT,HOLD,8,0.03370000049471855,,,False,
2026-09-16T22:11:16.351081+00:00,MANA/USDT,HOLD,8,0.07199999690055847,,,False,
2026-09-16T22:11:16.823203+00:00,AAVE/USDT,HOLD,8,116.61000061035156,,,False,
2026-09-17T22:11:17.887986+00:00,BTC/USDT,HOLD,6,76335.0,,,False,
2026-09-17T22:11:18.218489+00:00,ETH/USDT,HOLD,5,2443.159912109375,,,False,
2026-09-17T22:11:18.604947+00:00,SOL/USDT,HOLD,5,101.01000213623047,,,False,
2026-09-17T22:11:19.000003+00:00,BNB/USDT,HOLD,5,733.6599731445312,,,False,
2026-09-17T22:11:19.474641+00:00,XRP/USDT,HOLD,6,1.2913000583648682,,,False,
2026-09-17T22:11:19.777372+00:00,ADA/USDT,HOLD,6,0.2001499980688095,,,False,
2026-09-17T22:11:20.094194+00:00,AVAX/USDT,HOLD,6,7.571000099182129,,,False,
2026-09-17T22:11:20.362427+00:00,DOGE/USDT,HOLD,6,0.08133000135421753,,,False,
2026-09-17T22:11:21.116931+00:00,LINK/USDT,HOLD,5,11.300000190734863,,,False,
2026-09-17T22:11:21.562113+00:00,LTC/USDT,HOLD,5,53.86800003051758,,,False,
2026-09-17T22:11:21.932268+00:00,TRX/USDT,HOLD,5,0.33468037843704224,,,False,
2026-09-17T22:11:22.262485+00:00,ATOM/USDT,HOLD,5,1.5535000562667847,,,False,
2026-09-17T22:11:22.473526+00:00,UNI/USDT,HOLD,0,0.00016264230362139642,,,False,
2026-09-17T22:11:22.624512+00:00,MATIC/USDT,HOLD,0,0.21823608875274658,,,False,
2026-09-17T22:11:23.172184+00:00,NEAR/USDT,BUY,9,3.017199993133545,2.605047066075256,3.635429383720979,True,
2026-09-17T22:11:23.758532+00:00,ICP/USDT,HOLD,5,2.600399971008301,,,False,
2026-09-17T22:11:24.112917+00:00,ETC/USDT,HOLD,5,7.439000129699707,,,False,
2026-09-17T22:11:24.384720+00:00,XLM/USDT,HOLD,5,0.18365900218486786,,,False,
2026-09-17T22:11:24.699492+00:00,ALGO/USDT,HOLD,6,0.08961000293493271,,,False,
2026-09-17T22:11:24.983024+00:00,VET/USDT,HOLD,6,0.007333999965339899,,,False,
2026-09-17T22:11:25.311770+00:00,SAND/USDT,HOLD,7,0.0364999994635582,,,False,
2026-09-17T22:11:25.747065+00:00,MANA/USDT,HOLD,5,0.07410000264644623,,,False,
2026-09-17T22:11:26.104959+00:00,AAVE/USDT,HOLD,6,127.52999877929688,,,False,
2026-09-18T22:10:49.280918+00:00,BTC/USDT,BUY,7,81352.0,76731.75949627465,88282.36075558802,True,
2026-09-18T22:10:49.774934+00:00,ETH/USDT,BUY,9,2632.419921875,2427.7863646415685,2939.3702577251474,True,
2026-09-18T22:10:50.193720+00:00,SOL/USDT,BUY,9,113.47000122070312,103.8576137093274,127.88858248776673,True,
2026-09-18T22:10:50.568706+00:00,BNB/USDT,BUY,8,764.1300048828125,719.8409783763019,830.5635446425783,False,
2026-09-18T22:10:51.158916+00:00,XRP/USDT,BUY,7,1.4026000499725342,1.2506914708397145,1.6304629186717636,False,
2026-09-18T22:10:51.570254+00:00,ADA/USDT,BUY,7,0.22553999722003937,0.20134514334794557,0.2618322780281801,False,
2026-09-18T22:10:52.009562+00:00,AVAX/USDT,BUY,10,8.24899959564209,7.557831068486385,9.285752386375647,False,
2026-09-18T22:10:52.364963+00:00,DOGE/USDT,BUY,7,0.08845999836921692,0.08030759246851236,0.10068860722027374,False,
2026-09-18T22:10:53.345829+00:00,LINK/USDT,BUY,7,12.413999557495117,11.177267197552085,14.269098097409664,False,
2026-09-18T22:10:53.762514+00:00,LTC/USDT,BUY,10,57.042999267578125,52.83980739561841,63.3477870755177,False,
2026-09-18T22:10:54.251103+00:00,TRX/USDT,HOLD,5,0.338480144739151,,,False,
2026-09-18T22:10:54.824816+00:00,ATOM/USDT,HOLD,6,1.7343000173568726,,,False,
2026-09-18T22:10:54.982547+00:00,UNI/USDT,HOLD,0,0.00016264230362139642,,,False,
2026-09-18T22:10:55.135327+00:00,MATIC/USDT,HOLD,0,0.21823608875274658,,,False,
2026-09-18T22:10:55.488878+00:00,NEAR/USDT,BUY,9,3.704400062561035,3.198999470596984,4.462500950507112,False,
2026-09-18T22:10:56.139887+00:00,ICP/USDT,BUY,7,2.8677000999450684,2.5342420492522164,3.3678871759843463,False,
2026-09-18T22:10:56.530179+00:00,ETC/USDT,HOLD,6,8.175000190734863,,,False,
2026-09-18T22:10:56.984718+00:00,XLM/USDT,BUY,9,0.19379299879074097,0.17382525959498277,0.22374460758437825,False,
2026-09-18T22:10:57.380713+00:00,ALGO/USDT,BUY,7,0.09816999733448029,0.08692185867993571,0.11504220531629715,False,
2026-09-18T22:10:57.705150+00:00,VET/USDT,BUY,7,0.007933000102639198,0.006956138952271953,0.009398291828190066,False,
2026-09-18T22:10:58.147751+00:00,SAND/USDT,HOLD,6,0.03889999911189079,,,False,
2026-09-18T22:10:58.568615+00:00,MANA/USDT,BUY,10,0.07850000262260437,0.07183720975480681,0.08849419192430072,False,
2026-09-18T22:10:58.877843+00:00,AAVE/USDT,BUY,9,138.89999389648438,123.48041870503718,162.02935668365518,False,
2026-09-19T22:10:28.461944+00:00,BNB/USDT,BUY,8,758.4000244140625,715.2582676542482,823.1126595537839,True,
2026-09-19T22:10:28.826603+00:00,XRP/USDT,BUY,8,1.40339994430542,1.2544365448020383,1.6268450435604924,False,
2026-09-19T22:10:29.178285+00:00,ADA/USDT,BUY,9,0.22599999606609344,0.2014947165891035,0.2627579152815783,False,
2026-09-19T22:10:29.541803+00:00,AVAX/USDT,BUY,9,9.628999710083008,8.761283265275624,10.930574377294084,False,
2026-09-19T22:10:29.886594+00:00,DOGE/USDT,BUY,8,0.08696000277996063,0.07875275180160037,0.09927087924750104,False,
2026-09-19T22:10:30.582537+00:00,LINK/USDT,BUY,8,12.317999839782715,11.104730683436419,14.13790357430216,False,
2026-09-19T22:10:30.934879+00:00,LTC/USDT,BUY,10,56.96799850463867,52.637028821007476,63.464453030085465,False,
2026-09-19T22:10:31.297328+00:00,TRX/USDT,HOLD,7,0.33965250849723816,,,False,
2026-09-19T22:10:31.636048+00:00,ATOM/USDT,HOLD,6,1.7131999731063843,,,False,
2026-09-19T22:10:33.407862+00:00,NEAR/USDT,BUY,9,3.5515999794006348,3.022929070605036,4.344606342594033,False,
2026-09-19T22:10:33.821149+00:00,FIL/USDT,BUY,10,0.9664999842643738,0.8144850897725382,1.1945223260021272,False,
2026-09-19T22:10:34.157898+00:00,ICP/USDT,BUY,8,2.8336000442504883,2.5050509258962657,3.326423721781822,False,
2026-09-19T22:10:34.522999+00:00,ETC/USDT,BUY,11,8.437999725341797,7.606841754110827,9.684736682188252,False,
2026-09-19T22:10:34.948427+00:00,XLM/USDT,BUY,10,0.19410200417041779,0.17394276077713705,0.2243408692603389,False,
2026-09-19T22:10:35.341266+00:00,ALGO/USDT,BUY,9,0.10085000097751617,0.08941776642427479,0.11799835280737825,False,
2026-09-19T22:10:35.699803+00:00,VET/USDT,BUY,9,0.008523999713361263,0.0074723026643575795,0.010101545286866789,False,
2026-09-19T22:10:36.051457+00:00,SAND/USDT,HOLD,7,0.039400000125169754,,,False,
2026-09-19T22:10:36.418092+00:00,MANA/USDT,BUY,10,0.08190000057220459,0.07487988070709202,0.09243018036987345,False,
2026-09-19T22:10:36.768215+00:00,AAVE/USDT,BUY,10,139.5399932861328,124.16924896458418,162.59610976845576,False,
2026-09-20T22:10:29.115348+00:00,XRP/USDT,BUY,7,1.4083000421524048,1.2634891850591912,1.625516327792225,False,
2026-09-20T22:10:29.561658+00:00,ADA/USDT,BUY,8,0.22779999673366547,0.2031198317905313,0.2648202441483667,False,
2026-09-20T22:10:29.876846+00:00,AVAX/USDT,BUY,9,11.390000343322754,10.269369765996425,13.070946209312249,False,
2026-09-20T22:10:30.268067+00:00,DOGE/USDT,BUY,8,0.08731000125408173,0.07921018917277689,0.09945971937603898,False,
2026-09-20T22:10:30.892441+00:00,LINK/USDT,BUY,8,12.496999740600586,11.279434597096394,14.323347455856874,False,
2026-09-20T22:10:31.239383+00:00,LTC/USDT,BUY,9,59.01499938964844,54.64836408214376,65.56495235090546,False,
2026-09-20T22:10:31.520876+00:00,TRX/USDT,HOLD,10,0.3429428040981293,,,False,
2026-09-20T22:10:31.762870+00:00,ATOM/USDT,BUY,8,1.777500033378601,1.5841964784480094,2.0674553657744887,False,
2026-09-20T22:10:32.928330+00:00,NEAR/USDT,BUY,9,4.2221999168396,3.6106547502232313,5.139517666764152,False,
2026-09-20T22:10:33.263414+00:00,FIL/USDT,BUY,9,0.951200008392334,0.8011222369028433,1.17631666562657,False,
2026-09-20T22:10:33.499500+00:00,ICP/USDT,BUY,9,2.8968000411987305,2.561455709711689,3.3998165384292927,False,
2026-09-20T22:10:33.751824+00:00,ETC/USDT,BUY,10,8.522000312805176,7.674974534850869,9.792538979736637,False,
2026-09-20T22:10:34.016251+00:00,XLM/USDT,BUY,9,0.1965620070695877,0.17653569199433505,0.2266014796824667,False,
2026-09-20T22:10:34.244858+00:00,ALGO/USDT,BUY,10,0.11032000184059143,0.09744721172782396,0.12962918700974263,False,
2026-09-20T22:10:34.513626+00:00,VET/USDT,BUY,8,0.008441999554634094,0.007358024972277029,0.010067961428169693,False,
2026-09-20T22:10:34.911129+00:00,SAND/USDT,HOLD,6,0.04010000079870224,,,False,
2026-09-20T22:10:35.251232+00:00,MANA/USDT,BUY,10,0.08269999921321869,0.07552516860480782,0.09346224512583498,False,
2026-09-20T22:10:35.553198+00:00,AAVE/USDT,BUY,8,137.66000366210938,122.27253705549566,160.74120357202995,False,
2026-09-21T13:08:38.855780+00:00,XRP/USDT,BUY,10,1.4882999658584595,1.3412143505897218,1.7089283887615658,False,
2026-09-21T13:08:39.125560+00:00,ADA/USDT,BUY,10,0.24624000489711761,0.2203627395115527,0.285055902975465,False,
2026-09-21T13:08:39.415538+00:00,AVAX/USDT,BUY,9,11.368000030517578,10.201931790813523,13.11710239007366,False,
2026-09-21T13:08:39.778835+00:00,DOGE/USDT,BUY,10,0.09408000111579895,0.08552028862550475,0.10691956985124026,False,
2026-09-21T13:08:40.337929+00:00,LINK/USDT,BUY,9,13.156000137329102,11.93360422627068,14.989594003916734,False,
2026-09-21T13:08:40.618310+00:00,LTC/USDT,BUY,9,63.0890007019043,58.36305076526305,70.17792560686617,False,
2026-09-21T13:08:41.029903+00:00,TRX/USDT,HOLD,9,0.34430792927742004,,,False,
2026-09-21T13:08:41.534058+00:00,ATOM/USDT,BUY,9,1.8128999471664429,1.621281481604443,2.100327645509443,False,
2026-09-21T13:08:43.294059+00:00,NEAR/USDT,BUY,9,4.1774001121521,3.5625979200793827,5.0996034002611745,False,
2026-09-21T13:08:43.549264+00:00,FIL/USDT,BUY,11,0.9950000047683716,0.8455289861291541,1.219206532727198,False,
2026-09-21T13:08:43.930594+00:00,ICP/USDT,BUY,9,2.9719998836517334,2.640818659468636,3.4687717199263792,False,
2026-09-21T13:08:44.219319+00:00,ETC/USDT,BUY,10,8.803000450134277,7.96260226520741,10.063597727524577,False,
2026-09-21T13:08:44.464645+00:00,XLM/USDT,BUY,10,0.2092379927635193,0.18814741772429486,0.24087385532235592,False,
2026-09-21T13:08:44.892079+00:00,ALGO/USDT,BUY,9,0.1152999997138977,0.10202632789508151,0.13521050744212199,False,
2026-09-21T13:08:45.297536+00:00,VET/USDT,BUY,9,0.008822999894618988,0.007698868963554449,0.010509196291215796,False,
2026-09-21T13:08:45.792342+00:00,SAND/USDT,HOLD,8,0.0421999990940094,,,False,
2026-09-21T13:08:46.174142+00:00,MANA/USDT,BUY,9,0.08669999986886978,0.07933123314447901,0.09775314995545593,False,
2026-09-21T13:08:46.455751+00:00,AAVE/USDT,BUY,10,147.97999572753906,132.10962007422185,171.78555920751486,False,
2026-09-21T22:11:05.094251+00:00,XRP/USDT,BUY,10,1.555999994277954,1.4003612998128316,1.7894580359756378,True,
2026-09-21T22:11:05.725454+00:00,ADA/USDT,BUY,10,0.24572999775409698,0.21985273236853206,0.2845458958324444,False,
2026-09-21T22:11:06.227741+00:00,AVAX/USDT,BUY,9,11.277999877929688,10.096142878721587,13.050785376741839,False,
2026-09-21T22:11:06.675114+00:00,DOGE/USDT,BUY,9,0.1001800000667572,0.09071400853197109,0.11437898736893637,False,
2026-09-21T22:11:07.102700+00:00,DOT/USDT,BUY,10,1.193600058555603,1.0510443011743913,1.4074336946274206,False,
2026-09-21T22:11:07.555629+00:00,LINK/USDT,BUY,9,13.144000053405762,11.903023841879985,15.005464370694426,False,
2026-09-21T22:11:08.036605+00:00,LTC/USDT,BUY,9,61.87099838256836,57.036880525133306,69.12217516872094,False,
2026-09-21T22:11:08.485659+00:00,TRX/USDT,HOLD,9,0.34426403045654297,,,False,
2026-09-21T22:11:08.935959+00:00,ATOM/USDT,BUY,9,1.809399962425232,1.6170648957639453,2.097902562417162,False,
2026-09-21T22:11:11.112040+00:00,NEAR/USDT,BUY,9,4.121799945831299,3.480019805978518,5.08447015561047,False,
2026-09-21T22:11:11.702779+00:00,FIL/USDT,BUY,10,0.9866999983787537,0.8372289797395361,1.21090652633758,False,
2026-09-21T22:11:12.190889+00:00,ICP/USDT,BUY,9,2.9760000705718994,2.643283907576546,3.475074315064929,False,
2026-09-21T22:11:12.688110+00:00,ETC/USDT,BUY,10,8.843000411987305,7.982272615418418,10.134092106840635,False,
2026-09-21T22:11:13.215445+00:00,XLM/USDT,BUY,10,0.216839000582695,0.19510836319428737,0.24943495666530646,False,
2026-09-21T22:11:13.677052+00:00,ALGO/USDT,BUY,9,0.11187999695539474,0.09860632513657855,0.13179050468361903,False,
2026-09-21T22:11:14.089825+00:00,VET/USDT,BUY,9,0.009176000021398067,0.00803267878954533,0.010890981869177174,False,
2026-09-21T22:11:14.535276+00:00,SAND/USDT,HOLD,8,0.04170000180602074,,,False,
2026-09-21T22:11:15.048738+00:00,MANA/USDT,BUY,10,0.08550000190734863,0.07811712697641326,0.09657431430375168,False,
2026-09-21T22:11:15.529281+00:00,AAVE/USDT,BUY,10,144.0,128.1244494373636,167.8133258439546,False,
2026-09-22T10:03:36.919506+00:00,ADA/USDT,BUY,8,0.24702000617980957,0.22158026689043908,0.2851796151138653,False,
2026-09-22T10:03:37.273957+00:00,AVAX/USDT,HOLD,6,10.880000114440918,,,False,
2026-09-22T10:03:37.630130+00:00,DOGE/USDT,BUY,8,0.09850999712944031,0.08862962263304447,0.11333055887403407,False,
2026-09-22T10:03:37.940597+00:00,DOT/USDT,BUY,7,1.1684999465942383,1.0257682053196762,1.3825975585060815,False,
2026-09-22T10:03:38.282148+00:00,LINK/USDT,BUY,7,12.970999717712402,11.763037142478243,14.782943580563641,False,
2026-09-22T10:03:38.597579+00:00,LTC/USDT,BUY,7,60.37200164794922,55.58576205944292,67.55136103070866,False,
2026-09-22T10:03:38.926462+00:00,TRX/USDT,HOLD,8,0.34835726022720337,,,False,
2026-09-22T10:03:39.237844+00:00,ATOM/USDT,HOLD,6,1.7657999992370605,,,False,
2026-09-22T10:03:40.370372+00:00,NEAR/USDT,BUY,7,4.481100082397461,3.8375558689959197,5.446416402499773,False,
2026-09-22T10:03:40.687649+00:00,FIL/USDT,BUY,7,0.9824000000953674,0.8386281440382299,1.1980577841810736,False,
2026-09-22T10:03:40.998039+00:00,ICP/USDT,BUY,7,2.9482998847961426,2.6151767988055874,3.447984513781975,False,
2026-09-22T10:03:41.335564+00:00,ETC/USDT,BUY,7,8.755999565124512,7.912910808035949,10.020632700757355,False,
2026-09-22T10:03:41.660713+00:00,XLM/USDT,BUY,8,0.21223099529743195,0.1907174502949306,0.24450131280118398,False,
2026-09-22T10:03:41.982647+00:00,ALGO/USDT,BUY,7,0.11025000363588333,0.09729297963222189,0.1296855396413755,False,
2026-09-22T10:03:42.341781+00:00,VET/USDT,BUY,7,0.009057000279426575,0.007913952531394835,0.010771571901474186,False,
2026-09-22T10:03:42.672487+00:00,SAND/USDT,HOLD,7,0.04230000078678131,,,False,
2026-09-22T10:03:42.994079+00:00,MANA/USDT,BUY,8,0.08579999953508377,0.07862779255105132,0.09655831001113245,False,
2026-09-22T10:03:43.318002+00:00,AAVE/USDT,BUY,7,141.72999572753906,126.1079236331455,165.1631038691294,False,
